Tittle,Author,Narrated,Length,Release,Language
The Eighth Harmony,A. F. Kay,Travis Baldree,14 hrs and 33 mins,07-10-23,English
Cartel Queen,JaQuavis Coleman,Cary Hite,7 hrs and 2 mins,07-10-23,English
Everything,Dakota Krout,Christian J. Gilliland,13 hrs and 42 mins,06-21-23,English
Magic Tides & Magic Claims,Ilona Andrews,"Hillary Huber, Michael Glenn",12 hrs and 21 mins,07-10-23,English
Too Late,Colleen Hoover,"Ryan Gray, Maxine Mitchell, Joe Arden",10 hrs and 19 mins,06-27-23,English
The Pucking Wrong Number,C.R. Jane,"Troy Duran, Alexis Paige",9 hrs and 45 mins,07-11-23,English
Defiant,Michael R. Miller,Peter Kenny,26 hrs and 30 mins,07-13-23,English
Flags on the Bayou,James Lee Burke,"MacLeod Andrews, Michael Crouch, Dana Gourrier, Marin Ireland, January LaVoy, Ray Porter, James Lee Burke",8 hrs and 53 mins,07-11-23,English
Shallow River,H. D. Carlton,"Jacob Morgan, Michelle Sparks",13 hrs and 2 mins,07-05-23,English
Hunted,Suzanne Wright,Cat Doucette,14 hrs and 32 mins,07-06-23,English
Dragon's Justice 7,Bruce Sentar,"Jessica Threet, Jack Douglas",10 hrs and 3 mins,07-09-23,English
Profit First,Mike Michalowicz,Mike Michalowicz,7 hrs and 52 mins,07-11-23,English
The Warrior Poet Way,John Lovell,"John Lovell, Rebekah Lovell",7 hrs and 46 mins,07-11-23,English
King of Pride,Ana Huang,"David Lee Huynh, Emery Erickson",11 hrs and 18 mins,06-15-23,English
Cypress Ashes,Kai Butler,Greg Tremblay,14 hrs and 38 mins,07-10-23,English
Woods of the Raven,Mary Calmes,Greg Tremblay,7 hrs and 39 mins,06-22-23,English
Something Unexpected,Vi Keeland,"Teddy Hamilton, Andi Arndt",8 hrs and 39 mins,07-03-23,English
Double Pucked,Lauren Blakely,"Samantha Brentmoor, J.F. Harding, Robert Hatchet",8 hrs and 29 mins,06-30-23,English
One True Loves,Taylor Jenkins Reid,"Julia Whelan, Taylor Jenkins Reid",8 hrs and 53 mins,06-13-23,English
Hello Stranger,Katherine Center,Patti Murin,10 hrs and 39 mins,07-11-23,English
Unbroken Bonds of Battle,Johnny Joey Jones,"Johnny Joey Jones, Rick Adamson, Cary Hite, Cassidy Brown",8 hrs and 30 mins,06-27-23,English
Shadow's Seduction,Kresley Cole,Robert Petkoff,7 hrs and 28 mins,07-11-23,English
The Heat Will Kill You First,Jeff Goodell,L. J. Ganser,10 hrs and 7 mins,07-11-23,English
The Parrot and the Igloo,David Lipsky,Mike Chamberlain,18 hrs and 46 mins,07-11-23,English
Under the Radar,Melanie Moreland,"Maxine Mitchell, John Lane",6 hrs and 57 mins,07-13-23,English
Beautiful Thorns,"Jaymin Eve, Tate James","Brooke Daniels, Lucas Webley",10 hrs and 21 mins,07-13-23,English
Maniac,Onley James,Liam DiCosimo,7 hrs and 56 mins,06-23-23,English
Devil's Advocate,"T.B. Markinson, Miranda MacLeod",Angela Dawe,9 hrs and 43 mins,06-21-23,English
An Evil Heart,Linda Castillo,Kathleen McInerney,9 hrs and 25 mins,07-11-23,English
Aftershock,Joshua Dalzelle,Paul Heitsch,8 hrs and 25 mins,06-27-23,English
Beyond the Story,"BTS, Myeongseok Kang, Anton Hur - translator, Slin Jung - translator, Clare Richards - translator","Kim Young-Gi, Park Chan-won",11 hrs and 18 mins,07-09-23,English
Devious Obsession,S. Massery,"Teddy Hamilton, Desireé Ketchum",11 hrs and 14 mins,06-29-23,English
Murder in Bermuda,"James Patterson, Aaron Tracy, Thaddeus McCants","Mary-Louise Parker, Ronald Peet, Kim Aria Peterson, full cast",4 hrs,05-24-23,English
One Touch,Lena Hendrix,"Sebastian York, Erin Mallon",8 hrs and 9 mins,06-30-23,English
His Pretty Little Burden,Nicci Harris,"Shane East, Sofia Lette",12 hrs and 8 mins,06-27-23,English
The Secret History,Donna Tartt,Donna Tartt,22 hrs and 3 mins,07-11-23,English
Meet Your Match,Kandi Steiner,"Edward Black, Megan Wicks",9 hrs and 32 mins,07-03-23,English
Dead of Winter,Darcy Coates,Emily Ellet,11 hrs and 16 mins,07-03-23,English
Echoes Fade,Jeff Carson,Sean Patrick Hopkins,7 hrs and 10 mins,07-06-23,English
Hunter's Descent,Alice Winters,Michael Ferraiuolo,9 hrs and 19 mins,07-07-23,English
Good Fat Is Good for Women,Elizabeth Bright,Maria McCann,6 hrs and 23 mins,06-16-23,English
La Estrategia Emergente [The Emerging Strategy],Alejandro Salazar Yusti,Alejandro Salazar,6 hrs and 53 mins,06-21-23,Spanish
Disentangling from Emotionally Immature People,Lindsay C. Gibson PsyD,Rachel Perry,9 hrs and 23 mins,07-01-23,English
Marigold,Melissa Brayden,Lula Larkin,10 hrs and 28 mins,07-11-23,English
The Traitor,Anthony Ryan,Steven Brand,19 hrs and 15 mins,07-11-23,English
Dread and Buried,Angie Fox,Tavia Gilbert,9 hrs and 25 mins,06-20-23,English
Grace Note,J. Bengtsson,"Andi Arndt, Zachary Webber",11 hrs and 49 mins,06-28-23,English
"CompTIA A+ Certification All-in-One Exam Guide, Eleventh Edition (Exams 220-1101 & 220-1102)","Travis A. Everett, Andrew Hutz, Mike Meyers - editor",Timothy Howard Jackson,48 hrs and 27 mins,06-27-23,English
Cheerfulness,Garrison Keillor,Garrison Keillor,8 hrs and 59 mins,06-21-23,English
Must Love Flowers,Debbie Macomber,Thérèse Plummer,8 hrs and 31 mins,07-11-23,English
The Rhine River Job,Vince Milam,Tim H. Dixon,9 hrs and 23 mins,06-21-23,English
How I Rob Banks,FC,Paul Brion,7 hrs and 5 mins,06-27-23,English
The Language of Emotions (Revised and Updated),Karla McLaren M.Ed,Karla McLaren M.Ed,20 hrs and 29 mins,06-27-23,English
Cold Snap,Toni Anderson,Eric G. Dove,12 hrs and 12 mins,06-23-23,English
Revenge of the Furballs,D.M. Guay,Todd Haberkorn,8 hrs and 51 mins,07-11-23,English
Winter’s Gifts,Ben Aaronovitch,Penelope Rawlins,5 hrs and 29 mins,06-23-23,English
The Sorcerer's Army,E.G. Foley,Jake Benson,28 hrs and 3 mins,07-03-23,English
Plays Well with Others,Lauren Blakely,"Erin Mallon, Teddy Hamilton",8 hrs and 49 mins,07-12-23,English
Contractually Yours,Nadia Lee,"Sebastian York, Maxine Mitchell",11 hrs and 44 mins,06-10-23,English
Peace Spawner,Alvin Atwater,"Matt Hicks, Allie Piper",18 hrs and 8 mins,07-06-23,English
Swimming in the Sacred,Rachel Harris PhD,Kathleen Li,7 hrs and 49 mins,06-27-23,English
Slow Time Between the Stars,John Scalzi,Kay Eluvian,56 mins,06-27-23,English
The Full Fee Agent,"Chris Voss, Steve Shull",Steve Shull,5 hrs and 6 mins,06-12-23,English
Fear the Silence,Robert Bryndza,Jilly Bond,9 hrs and 36 mins,07-06-23,English
Darkkin Knight,John Conroe,Lily Ganser,13 hrs and 24 mins,06-13-23,English
Champion's Trial,JJ Bookerson,"Anne Marie Lebeaur, Jack Smith",14 hrs and 54 mins,07-12-23,English
"Sorry I'm Late, I Didn't Want to Come",Jessica Pan,Jessica Pan,8 hrs and 52 mins,06-27-23,English
Rich Kid,Khan Nguyen,Abdullah Fahim,1 hr and 29 mins,06-12-23,English
The AI Revolution in Medicine,"Peter Lee, Carey Goldberg, Isaac Kohane",J. Hunter Ackerman,7 hrs and 24 mins,07-03-23,English
I Married a Dryad,Regine Abel,Daryl Mayfield,8 hrs and 26 mins,06-23-23,English
Hidden Beneath,Barbara Ross,Dara Rosenberg,6 hrs and 17 mins,06-27-23,English
The Ruby Heart of the Dragon,Mark Borax,Mark Borax,9 hrs and 11 mins,06-06-23,English
They All Died Screaming,"Kristopher Triana, Blood Bound Books",Chuck Brugee,8 hrs and 37 mins,06-12-23,English
Healing Power,Greg Mitchell,Greg Mitchell,6 hrs and 2 mins,06-12-23,English
The Gift of Violence,"Matt Thornton, Peter Boghossian","Matt Thornton, Salome Thornton, Peter Boghossian",9 hrs and 27 mins,06-15-23,English
The Other Mistress,Shanora Williams,"Ebony Mendez, Niecey Bethea",7 hrs and 42 mins,06-27-23,English
Rise of the Giants,Steve Gilmore,Jeremy Arthur,8 hrs and 55 mins,06-22-23,English
The Science of Reading in Action,Malia Hollowell,Malia Hollowell,2 hrs and 59 mins,06-14-23,English
Our Cosmic Origin,Ismael Perez,Benjamin Powell,11 hrs and 54 mins,06-26-23,English
Catalyst,Nicole Fanning,"Maxine Mitchell, Grayson Owens",16 hrs and 29 mins,07-06-23,English
Leviathan,Darius Hinks,Theo Solomon,12 hrs and 13 mins,06-24-23,English
The Truth About the Accident,Nicole Trope,Taryn Ryan,8 hrs and 42 mins,06-30-23,English
Heartstrong,Ellidy Pullin,"Chris Pullin, Ellidy Pullin",6 hrs and 22 mins,07-01-23,English
El cuerpo grita lo que las emociones callan,Carolina Novoa Arias,Carolina Novoa Arias,4 hrs and 17 mins,06-07-23,Spanish
Ultra-Processed People,Chris van Tulleken,"Chris van Tulleken, Dr. Xand van Tulleken",11 hrs and 35 mins,06-27-23,English
The Puppeteers,Jason Chaffetz,Jason Chaffetz,8 hrs and 49 mins,06-06-23,English
Where Violets Bloom,Daisy Jane,"Ryan West, Daisy Jane",12 hrs and 45 mins,06-20-23,English
Kingdom of Blood and Salt,Alexis Calder,Amy Kennedy,9 hrs and 18 mins,06-10-23,English
A Dynamic Career in Communications,yasiin bey,yasiin bey,1 hr and 19 mins,07-07-23,English
The Blood Sugar Fix,"James DiNicolantonio, Siim Land",Mike Norgaard,7 hrs and 37 mins,06-30-23,English
The War on Ivermectin,Pierre Kory,Troy Wolfe,10 hrs and 14 mins,06-29-23,English
The Shift,Tinx,Tinx,5 hrs and 17 mins,05-23-23,English
So Good They Call You a Fake,Joshua Lisec,Dylan Reese Marshall,5 hrs and 20 mins,06-16-23,English
The Red Room,Mark Dawson,Simon Vance,10 hrs and 9 mins,06-27-23,English
Wet,Cambria Hebert,"Celia Stone, Oliver Highpoint",10 hrs and 14 mins,07-03-23,English
Raised to Stay,Natalie Runion,Natalie Runion,5 hrs and 4 mins,07-04-23,English
You'll Come Back to Yourself,Michaela Angemeer,Michaela Angemeer,26 mins,06-06-23,English
Silver Spines,"Jaime Castle, Andy Peloquin","Michael Kramer, Kate Reading",20 hrs and 12 mins,07-11-23,English
The Book of G,Lily Archer,Stephen Dexter,11 hrs and 44 mins,06-10-23,English
Forbidden Song (Dramatized Adaptation),"Pierce Brown, Rik Hoskin","Andy Brownstein, David Jourdan, Holly Adams, Lise Bruneau, Nick DePinto, Richard Rohan, Todd Scofield, Ian Russell, Jenna Sharpe, Stephanie Nemeth-Parker, Peter Stanley",3 hrs and 39 mins,07-12-23,English
When Crack Was King,Donovan X. Ramsey,Donovan X. Ramsey,11 hrs and 33 mins,07-11-23,English
Fourth Wing,Rebecca Yarros,"Rebecca Soler, Teddy Hamilton",20 hrs and 43 mins,05-02-23,English
Storm Surge,Blaine L. Pardoe,Noah Michael Levine,15 hrs and 6 mins,07-12-23,English
Rise of the Lycanthrope,Brock Walker,Samara Naeymi,21 hrs and 59 mins,07-13-23,English
Murder Is a Piece of Cake,Valerie Burns,Jasmin Walker,5 hrs and 57 mins,06-27-23,English
How to Flourish,"Aristotle, Susan Sauve Meyer - translator introduction",Hannibal Hills,2 hrs and 44 mins,06-20-23,English
Positive Provocation,Robert Biswas-Diener,Andrew Joseph Perez,6 hrs,06-12-23,English
One Summer in Savannah,Terah Shelton Harris,Zuzu Robinson,13 hrs and 12 mins,07-04-23,English
All My Knotted-Up Life,Beth Moore,Beth Moore,8 hrs and 29 mins,02-21-23,English
Ground Truth,Diane Capri,Corey M. Snow,8 hrs and 10 mins,06-30-23,English
How It Unfolds,James S. A. Corey,James Patrick Cronin,57 mins,06-27-23,English
The Book of Azrael,Amber Nicole,Ruthie Bowles,21 hrs and 15 mins,06-12-23,English
The Setup,Dan Bilzerian,Jas Patrick,11 hrs and 29 mins,06-13-23,English
10x Is Easier than 2x,"Dan Sullivan, Dr. Benjamin Hardy",Dr. Benjamin Hardy,9 hrs and 58 mins,05-09-23,English
Fastrope,"L.T. Ryan, Fiona Ryan",Marnye Young,6 hrs and 35 mins,07-10-23,English
The Obstacle Is the Way,Ryan Holiday,Ryan Holiday,4 hrs and 38 mins,02-14-23,English
The Witch Collector,Charissa Weaks,"Meg Sylvan, Tim Campbell",13 hrs and 16 mins,07-11-23,English
The Rain King,Selena,"Amanda L'Orien, Gregory Salinas",12 hrs and 58 mins,06-14-23,English
Even If It Hurts,Sam Mariano,"Theo Sinclair, Allie Shae",12 hrs and 33 mins,06-11-23,English
The Awe of God,John Bevere,John Bevere,7 hrs and 28 mins,02-21-23,English
Corrupt Vow,Eva Ashwood,"Cassandra Medcalf, Daniel James Lewis",12 hrs and 52 mins,06-10-23,English
The Menopause Reset,Dr. Mindy Pelz,Dr. Mindy Pelz,4 hrs and 52 mins,06-20-23,English
Kairos,Jenny Erpenbeck,Lisa Flanagan,10 hrs and 25 mins,06-12-23,English
Whiskey Poison,Nicole Fox,"Hayden Hall, Walker Williams",15 hrs and 2 mins,06-12-23,English
Beyond the Thistles,Samantha Young,"Shane East, Stella Hunter",10 hrs and 12 mins,06-16-23,English
Goblin Apocalypse,Michael Dalton,"Giancarlo Herrera, Hannah Schooner",6 hrs and 27 mins,06-06-23,English
Diablo: Book of Lorath,Matthew J. Kirby,Ralph Ineson,3 hrs and 43 mins,06-12-23,English
The Leap to Leader,Adam Bryant,Michael Butler Murray,5 hrs and 21 mins,07-11-23,English
Long Time No Sea,Portia MacIntosh,Karen Cass,8 hrs and 19 mins,07-06-23,English
Reckless,Elsie Silver,"Joe Arden, Savannah Peachwood",9 hrs and 58 mins,06-10-23,English
I'll Just Date Myself,Lani Lynn Vale,"Connor Crais, Rose Dioro",5 hrs and 54 mins,06-23-23,English
Savior Complex,Kelly Fox,Declan Winters,8 hrs and 20 mins,07-10-23,English
All the Demons Are Here,Jake Tapper,"Meg Price, Rob Shapiro",11 hrs and 10 mins,07-11-23,English
Deliver Me from Evil,Natasha Knight,"Stefanie Kay, James Cassidy",8 hrs and 49 mins,07-11-23,English
The Last Dance,Mark Billingham,David Threlfall,9 hrs and 11 mins,07-04-23,English
Taken Girls,Carolyn Arnold,Lisa Rost-Welling,9 hrs and 1 min,06-20-23,English
The Theory and Practice of Group Psychotherapy (Sixth Edition),"Irvin D. Yalom, Molyn Leszcz",Tom Parks,30 hrs and 8 mins,06-27-23,English
Forbidden Hearts,Corinne Michaels,"Zachary Webber, Desiree Ketchum",9 hrs and 23 mins,06-10-23,English
Horns of the Goddess,Dolores Cannon,"Moe Egan, Pam Tierney",13 hrs and 55 mins,07-11-23,English
Hermit's Peak,Michael McGarrity,George Guidall,8 hrs and 3 mins,07-11-23,English
Property of a Rich Nigga,Jessica N. Watkins,"Nicole Small, Benjamin Charles",9 hrs and 38 mins,06-23-23,English
How I Stole the Princess’s White Knight and Turned Him to Villainy: The Complete Works,AJ Sherwood,Kirk Griffin,15 hrs and 2 mins,07-03-23,English
Rogue Force,Jack Mars,Phillip Sacramento,9 hrs and 1 min,01-31-23,English
The Things We Make,Bill Hammack,Jonathan Todd Ross,7 hrs and 43 mins,03-21-23,English
Breaking Together,Jem Bendell,Matthew Slater,18 hrs and 13 mins,06-21-23,English
"The False Hero, Volume 7",Michael Plymel,Mason Born,11 hrs and 35 mins,06-13-23,English
Pushing Up People,Art Williams,Max Culina,3 hrs and 56 mins,06-11-23,English
Lunamare,Pepper Winters,"Tor Thom, Fiona Clare",18 hrs and 11 mins,06-27-23,English
The Daddy Diaries,Andy Cohen,Andy Cohen,10 hrs and 32 mins,05-09-23,English
Losers: Part 1,Harley LaRoux,"Jaclyn Kelso, J. Tipstone",16 hrs and 1 min,06-06-23,English
The Wall of Winnipeg and Me,Mariana Zapata,"Stephen Dexter, Emma Wilder",17 hrs and 51 mins,07-04-23,English
The Unwanted Marriage,Catharina Maura,"John Lane, Angelina Rocca",11 hrs and 35 mins,05-16-23,English
Two Little Souls,B.R. Spangler,Patricia Rodriguez,7 hrs and 56 mins,07-06-23,English
Appointment in Bath,Mimi Matthews,Alex Wyndham,6 hrs and 52 mins,06-27-23,English
Cherish,Tracy Wolff,Heather Costa,17 hrs and 25 mins,05-30-23,English
Playground,Aron Beauregard,Lila Kerry,9 hrs and 56 mins,12-19-22,English
Obsessed,"James Patterson, James O. Born",Joshua Kane,7 hrs and 48 mins,07-10-23,English
Fast Like a Girl,Dr. Mindy Pelz,Dr. Mindy Pelz,8 hrs and 13 mins,12-27-22,English
Quick Confidence,Selena Rezvani,Selena Rezvani,6 hrs and 49 mins,07-04-23,English
Angel Abundance,Belinda J. Womack,Belinda J. Womack,8 hrs and 50 mins,07-11-23,English
Implacable,Jack Campbell,Christian Rummel,10 hrs and 25 mins,07-04-23,English
Until I Get You,Claire Contreras,"Joe Arden, Kasha Kensington",15 hrs and 12 mins,03-29-23,English
The Guilty One,Bill Schweigart,Matt Godfrey,9 hrs and 7 mins,03-21-23,English
The Covenant of Water,Abraham Verghese,Abraham Verghese,31 hrs and 16 mins,05-02-23,English
The American Story: The Beginnings,"David Barton, Tim Barton",Jonathan Alan,8 hrs and 52 mins,06-12-23,English
Truth to Power,André de Ruyter,Nicky Rebelo,13 hrs and 9 mins,07-01-23,English
True Conviction,James P. Sumner,Gary Bennett,9 hrs and 11 mins,02-16-23,English
The Wishing Game,Meg Shaffer,"Rachel L. Jacobs, Paul Boehmer",10 hrs and 38 mins,05-30-23,English
The Five-Star Weekend,Elin Hilderbrand,Erin Bennett,12 hrs and 45 mins,06-13-23,English
Dark Tide Rising,Jez Cajiao,Wayne Mitchell,21 hrs and 32 mins,07-04-23,English
Dark Healing Blind Curve,I. T. Lucas,Charles Lawrence,8 hrs and 9 mins,07-10-23,English
Sin and Soil 12,Anya Merchant,Eva Caine,9 hrs and 38 mins,07-03-23,English
On the Slayed Page,Jasmine Webb,Khristine Hvam,6 hrs and 1 min,06-07-23,English
Leviathan,Greig Beck,Sean Mangan,13 hrs and 51 mins,06-27-23,English
The Accidental Honeymoon,Portia MacIntosh,Karen Cass,7 hrs and 16 mins,07-03-23,English
Icebreaker,Hannah Grace,"Elizabeth Louise, Tim Paige",13 hrs and 23 mins,11-23-22,English
The Beast You Are,Paul Tremblay,"Johnny Heller, Xe Sands, Ewan Chung, Graham Halstead, Helen Laser, Jorjeana Marie, Joy Osmanski, Keith Sellon-Wright, Kirsten Potter, Neil Shah",11 hrs and 25 mins,07-11-23,English
Scattered Minds,Gabor Maté MD,Daniel Maté,10 hrs and 59 mins,02-07-23,English
The Cursed Among Us,John Durgin,Joe Hempel,6 hrs and 32 mins,02-09-23,English
Flop Dead Gorgeous,David Rosenfelt,Grover Gardner,6 hrs and 43 mins,07-04-23,English
Space Raiders,Ken Lozito,MacLeod Andrews,9 hrs and 15 mins,07-11-23,English
The Missus,E L James,"Dominic Thorburn, Jessica O'Hara-Baker",14 hrs and 24 mins,06-20-23,English
"One Nation Under Blackmail, Vol. 1",Whitney Alyse Webb,Grace Noble,18 hrs and 16 mins,03-21-23,English
Hidden Genius,Polina Marinova Pompliano,Polina Marinova Pompliano,4 hrs and 51 mins,06-20-23,English
Terms and Conditions,Lauren Asher,"Morae Brehon, Jason Clarke",13 hrs and 12 mins,05-23-23,English
Does It Hurt?,H. D. Carlton,"Troy Duran, Michelle Sparks",12 hrs and 7 mins,03-20-23,English
The Sullivanians,Alexander Stille,Jamie Renell,14 hrs and 48 mins,06-20-23,English
Mrs. Pollifax Unveiled,Dorothy Gilman,Barbara Rosenblat,6 hrs and 42 mins,06-27-23,English
Mind over Menopause,Pahla Bowers,Pahla Bowers,8 hrs and 12 mins,06-27-23,English
American Prometheus,"Kai Bird, Martin J. Sherwin",Jeff Cummings,26 hrs and 30 mins,03-28-07,English
Sweet Regret,K. Bromberg,"Ryan West, Stella Hunter",9 hrs and 24 mins,06-01-23,English
My Dark Romeo,"L.J. Shen, Parker S. Huntington","Jacob Morgan, Stella Hunter",12 hrs and 29 mins,03-12-23,English
The 16 Undeniable Laws of Communication,John Maxwell,John Maxwell,8 hrs and 57 mins,03-28-23,English
Sizzle and Burn,Jayne Ann Krentz,Islay Jacobs,9 hrs and 56 mins,07-04-23,English
Villain Era,Luna Pierce,"Bridget Bordeaux, Jake Bordeaux",12 hrs and 29 mins,05-17-23,English
Recoding America,Jennifer Pahlka,Jennifer Pahlka,9 hrs and 37 mins,06-13-23,English
Meditations,"Marcus Aurelius, Gregory Hays - translator",Roger Davis,4 hrs and 35 mins,07-11-23,English
Wool,Hugh Howey,Edoardo Ballerini,15 hrs,03-07-23,English
"The Dream, the Journey, Eternity, and God","Sara Landon, Mike Dooley","Sara Landon, Mike Dooley",7 hrs and 54 mins,06-13-23,English
The Bold and the Banished,Robyn Peterman,Jessica Almasy,5 hrs and 22 mins,07-10-23,English
Still Beating,Jennifer Hartmann,"Laurie West, Christian Black",12 hrs and 7 mins,07-11-23,English
The Jester of Apocalypse: Eternity,Robert Blaise,J.S. Arquin,13 hrs and 53 mins,06-13-23,English
Prince of the Sorrows,Kellen Graves,Christian Leatherman,13 hrs and 28 mins,05-17-23,English
On Earth as It Is on Television,Emily Jane,Hayden Bishop,11 hrs and 25 mins,06-13-23,English
Quantum Supremacy,Michio Kaku,Feodor Chin,10 hrs and 41 mins,05-02-23,English
Death in the Highlands,Fliss Chester,Sofia Zervudachi,9 hrs and 22 mins,06-22-23,English
They Call Her Dirty Sally,Amy Matayo,"Sean Cordry, Dana Dae",9 hrs and 10 mins,05-15-23,English
Leg,Greg Marshall,Greg Marshall,9 hrs and 49 mins,06-13-23,English
Cassandra in Reverse,Holly Smale,Kristin Atherton,13 hrs and 15 mins,06-06-23,English
Wed to the Alien Warlord,January Bell,"Mason Lloyd, Hollie Jackson",7 hrs and 17 mins,01-10-23,English
The Divine and the Cursed,J.E. Reed,Laura Horowitz,11 hrs and 35 mins,05-25-23,English
Crusher,Daryl Banner,Daryl Banner,7 hrs and 29 mins,06-22-23,English
Keep It in the Family,John Marrs,"Elizabeth Knowelden, Steve West, Simon Mattacks, Clare Corbett",10 hrs and 3 mins,05-02-23,English
The Slight Edge,Jeff Olson,Shane Hagedorn,9 hrs and 47 mins,05-09-23,English
The Will of the Many,James Islington,Euan Morton,28 hrs and 14 mins,05-23-23,English
Kill Spree,M.R. Forbes,Dave Jackson,9 hrs and 17 mins,06-30-23,English
The Summer Skies,Jenny Colgan,Eilidh Beaton,11 hrs and 11 mins,07-11-23,English
The Silmarillion,"J. R. R. Tolkien, Christopher Tolkien",Andy Serkis,19 hrs and 24 mins,06-22-23,English
Once upon a Time,Jonnita Brewer Barrett,Jonnita Brewer Barrett,6 hrs and 6 mins,06-23-23,English
Lord of Gold and Glory,Lisette Marshall,Summer Roberts,18 hrs and 37 mins,06-20-23,English
Love Me Today,A.L. Jackson,"Joe Arden, Andi Arndt",10 hrs and 47 mins,05-29-23,English
Lowcountry Boil,Susan M. Boyer,Tiffany Morgan,11 hrs and 34 mins,06-11-23,English
Traición en Palacio [Betrayal in the Palace],Hernán Gómez Bruera,"Erick Trujillo, Hernán Gómez Bruera",9 hrs and 32 mins,06-26-23,Spanish
Zero to One,"Peter Thiel, Blake Masters",Blake Masters,4 hrs and 50 mins,09-16-14,English
A Fatal Illusion,Anna Lee Huber,Heather Wilds,10 hrs and 30 mins,06-20-23,English
"Love, Theoretically",Ali Hazelwood,Thérèse Plummer,12 hrs and 33 mins,06-13-23,English
Disruptive Thinking,T. D. Jakes,"T. D. Jakes, Kyle Chapel, Inger Tudor",8 hrs and 32 mins,05-09-23,English
Yours Truly,Abby Jimenez,"Kyla Garcia, Zachary Webber",11 hrs and 23 mins,04-11-23,English
The Love of My Next Life,Brit Benson,"JF Harding, Lidia Dornet",9 hrs and 4 mins,06-14-23,English
Who Killed Truth?,Jill Lepore,Jill Lepore,13 hrs and 35 mins,06-13-23,English
Blood Mercy,Vela Roth,"Kale Williams, Caren Naess",22 hrs and 54 mins,06-13-23,English
Tremendous,"Joey ""Coco"" Diaz","Joey ""Coco"" Diaz",6 hrs and 45 mins,05-02-23,English
Sapiens,Yuval Noah Harari,Derek Perkins,15 hrs and 18 mins,08-15-17,English
Traction,Gino Wickman,Kevin Pierce,6 hrs and 56 mins,12-21-12,English
Bewitched and Bothered,Amanda M. Lee,Angel Clark,9 hrs and 46 mins,06-27-23,English
The Sacred Mushroom and the Cross,John M. Allegro,Martyn Swain,10 hrs and 33 mins,12-06-22,English
The Secret Life of Sunflowers,"Marta Molnar, Dana Marton",Kendra Murray,9 hrs and 52 mins,02-06-23,English
Beware of Darkness,Jan Stryvant,"Christopher Boucher, Jessica Threet",7 hrs and 8 mins,07-11-23,English
The Only One Left,Riley Sager,"Dawn Harvey, Christine Lakin",12 hrs and 32 mins,06-20-23,English
Exploring Deviations in Bloodlines,Raul Serbin,Gordon Webster,3 hrs and 59 mins,06-16-23,English
A Little Life,Hanya Yanagihara,Oliver Wyman,32 hrs and 51 mins,11-01-22,English
Of Mist and Shadow,Jenna Wolfhart,"Billie Fulford-Brown, Tim Campbell",10 hrs and 39 mins,01-24-23,English
The Better Half,"Alli Frank, Asha Youmans, Mindy Kaling - introduction",Bahni Turpin,11 hrs and 35 mins,07-01-23,English
The Whispers,Ashley Audrain,Jill Winternitz,10 hrs and 17 mins,06-06-23,English
House of Beating Wings,Olivia Wildenstein,Olivia King,15 hrs and 30 mins,01-31-23,English
The Anti-Communist Manifesto,Jesse Kelly,Jesse Kelly,7 hrs and 52 mins,06-06-23,English
"Good Night, Irene",Luis Alberto Urrea,"Barrie Kreinik, Luis Alberto Urrea",13 hrs and 26 mins,05-30-23,English
On Our Best Behavior,Elise Loehnen,Elise Loehnen,11 hrs and 54 mins,05-23-23,English
Go as a River,Shelley Read,Cynthia Farrell,9 hrs and 58 mins,02-28-23,English
The Echo of Old Books,Barbara Davis,"Vanessa Johansson, Steve West, Sarah Zimmerman",13 hrs and 8 mins,03-28-23,English
Black Ties and White Lies,Kat Singleton,"Savannah Peachwood, Lee Samuels",12 hrs and 39 mins,06-27-23,English
Banyan Moon,Thao Thai,"Cindy Kay, Catherine Ho, Elyse Dinh",12 hrs and 24 mins,06-27-23,English
Why Women Deserve Less,Myron Gaines,Myron Gaines,2 hrs and 3 mins,03-29-23,English
God's Not Like That,"Bryan Clark, Dan ""Larry the Cable Guy"" Whitney - Foreword","Bryan Clark, Dan ""Larry the Cable Guy"" Whitney - Foreword",5 hrs and 56 mins,07-04-23,English
The Art Thief,Michael Finkel,"Edoardo Ballerini, Michael Finkel",5 hrs and 39 mins,06-27-23,English
Same Time Next Summer,Annabel Monaghan,"Dan Bittner, Brittany Pressley",6 hrs and 57 mins,06-06-23,English
The Predator,RuNyx,"Kai Kennicott, Michael Pierce",11 hrs and 46 mins,01-24-23,English
Heartless Heathens,Santana Knox,"Celia Stone, Corvin King",13 hrs and 41 mins,06-16-23,English
Cage of Souls,Adrian Tchaikovsky,David Thorpe,23 hrs and 10 mins,01-31-23,English
The Realist,Riley Hart,Sean Crisden,5 hrs and 44 mins,07-05-23,English
The Life We Chose,Matt Birkbeck,Jason Culp,8 hrs and 56 mins,07-11-23,English
The Subtle Art of Not Giving a F*ck,Mark Manson,Roger Wayne,5 hrs and 17 mins,09-13-16,English
Alison Bechdel’s Dykes to Watch Out For,"Alison Bechdel, Madeleine George","Jane Lynch, Carrie Brownstein, Roberta Colindrez, Roxane Gay, full cast",3 hrs,06-01-23,English
Homecoming,Kate Morton,Claire Foy,17 hrs and 38 mins,04-04-23,English
How a Realist Hero Rebuilt the Kingdom: Volume 3,Dojyomaru,BJ Harrison,8 hrs and 44 mins,07-11-23,English
That Time I Got Drunk and Saved a Demon,Kimberly Lemming,Hazel Addison,7 hrs and 25 mins,05-25-23,English
Smash the System,System Lad,"Jessica Threet, Christopher Boucher",16 hrs and 36 mins,07-11-23,English
Puppy Love,Misha Bell,"Erin Mallon, Teddy Hamilton",5 hrs and 33 mins,07-10-23,English
Paris,Paris Hilton,Paris Hilton,8 hrs and 22 mins,03-14-23,English
No Ordinary Assignment,Jane Ferguson,Jane Ferguson,10 hrs and 50 mins,07-11-23,English
Random Acts of Medicine,"Anupam B. Jena, Christopher Worsham","Anupam B. Jena, Christopher Worsham",9 hrs and 5 mins,07-11-23,English
The One That Got Away,JD Kirk,Cathleen McCarron,12 hrs and 13 mins,05-25-23,English
The Wolf Witch,Chandelle LaVaun,Vanessa Moyen,13 hrs and 54 mins,07-12-23,English
The First Ladies,"Marie Benedict, Victoria Christopher Murray","Robin Miles, Tavia Gilbert",14 hrs and 33 mins,06-27-23,English
The Alchemist,Paulo Coelho,Jeremy Irons,4 hrs,12-26-04,English
The Unbearable Lightness of Being,"Milan Kundera, Michael Henry Heim - translator",Richmond Hoxie,9 hrs and 37 mins,05-15-12,English
The Millionaire Next Door,"Thomas J. Stanley Ph.D., William D. Danko Ph.D.",Cotter Smith,8 hrs and 16 mins,10-27-00,English
Shoe Dog,Phil Knight,"Norbert Leo Butz, Phil Knight - introduction",13 hrs and 21 mins,04-26-16,English
The Blade Itself,Joe Abercrombie,Steven Pacey,22 hrs and 15 mins,09-08-15,English
Deep Work,Cal Newport,Jeff Bottoms,7 hrs and 44 mins,01-05-16,English
Forget Me Not,Julie Soto,"Callie Dalton, Teddy Hamilton",9 hrs and 15 mins,07-11-23,English
"Little, Crazy Children",James Renner,James Renner,9 hrs and 12 mins,06-27-23,English
The True Love Experiment,Christina Lauren,"Jonathan Cole, Cindy Kay",10 hrs and 52 mins,05-16-23,English
The Wind Knows My Name,"Isabel Allende, Frances Riddle - translator","Edoardo Ballerini, Maria Liatis",7 hrs and 59 mins,06-06-23,English
The Great Reset,Alex Jones,Joe Kredjetti,7 hrs and 30 mins,10-12-22,English
King: A Life,Jonathan Eig,Dion Graham,20 hrs and 45 mins,05-16-23,English
Amanecida,"Dennis Vanderkerken, Dakota Krout",John Pirhalla,14 hrs and 28 mins,07-12-23,English
The Sun and Its Shade,Piper CJ,Natalie Naudus,16 hrs,06-27-23,English
The Deborah Mantle,Christy Johnston,Belinda Lams,7 hrs and 46 mins,05-17-23,English
The Ritual,Shantel Tessier,"Wen Ross, Zara Eden",16 hrs and 46 mins,05-09-23,English
Born a Crime,Trevor Noah,Trevor Noah,8 hrs and 44 mins,11-15-16,English
The Hitchhiker's Guide to the Galaxy,Douglas Adams,Stephen Fry,5 hrs and 51 mins,04-28-05,English
To Kill a Mockingbird,Harper Lee,Sissy Spacek,12 hrs and 17 mins,07-08-14,English
Napoleon,Andrew Roberts,John Lee,32 hrs and 56 mins,11-04-14,English
The Secret,Rhonda Byrne,Rhonda Byrne,4 hrs and 24 mins,11-17-06,English
Battlefield Reclaimer,David North,"John Pirhalla, Stephanie Nemeth-Parker",20 hrs and 4 mins,05-15-23,English
Someone Else's Shoes,Jojo Moyes,Daisy Ridley,12 hrs and 21 mins,02-07-23,English
Two Weeks Notice,Amy Porterfield,Amy Porterfield,7 hrs and 38 mins,02-21-23,English
The Senator's Wife,Liv Constantine,Kirsten Potter,9 hrs and 7 mins,05-23-23,English
Drowning,T. J. Newman,"Steven Weber, Laura Benanti",7 hrs and 43 mins,05-30-23,English
Little Monsters,Adrienne Brodeur,"Jason Culp, Matt Pittenger, Cassandra Campbell, Joy Osmanski, Allyson Ryan, Sura Siu",11 hrs and 17 mins,06-27-23,English
Birnam Wood,Eleanor Catton,Saskia Maarleveld,12 hrs and 47 mins,03-07-23,English
The E-Myth Revisited,Michael E. Gerber,Michael E. Gerber,8 hrs and 5 mins,12-26-04,English
Extreme Ownership,"Jocko Willink, Leif Babin","Jocko Willink, Leif Babin",9 hrs and 33 mins,10-19-15,English
The Untethered Soul,Michael A. Singer,Peter Berkrot,6 hrs and 11 mins,12-12-11,English
Good to Great,Jim Collins,Jim Collins,10 hrs and 1 min,07-13-10,English
Children of Time,Adrian Tchaikovsky,Mel Hudson,16 hrs and 31 mins,05-02-17,English
The Simple Path to Wealth,JL Collins,"JL Collins, Peter Adeney",6 hrs and 38 mins,06-27-17,English
A Little Pinprick,Paige Dearth,Lisa Larsen,15 hrs and 3 mins,06-13-23,English
The Name of the Wind,Patrick Rothfuss,Nick Podehl,27 hrs and 55 mins,05-15-09,English
A Villains Collection,Serena Valentino,Lucy Rayner,12 hrs and 52 mins,10-11-16,English
Wasteland,John G. Doyle,Michael Bauer,13 hrs and 44 mins,06-12-23,English
Understanding Effective Parenting and Teaching Practices Through Qualitative Research Methods,Gregg Krasnodebski,Preeya Gill,1 hr and 31 mins,06-12-23,English
Montego,Brian McClellan,Damian Lynch,3 hrs and 10 mins,05-25-23,English
Prepared,"Mike Glover, Jack Carr - foreword","Mike Glover, Ray Porter",5 hrs and 14 mins,06-06-23,English
Twilight,Stephenie Meyer,Ilyana Kadushin,12 hrs and 51 mins,10-05-05,English
Savage Skies,Nicholas Sansbury Smith,Edoardo Ballerini,3 hrs and 37 mins,07-11-23,English
The Real Deal,K.M. Neuhold,Iggy Toma,2 hrs and 46 mins,07-12-23,English
Make Your Bed,William H. McRaven,William H. McRaven,1 hr and 53 mins,04-04-17,English
Dark Matter,Blake Crouch,Jon Lindstrom,10 hrs and 8 mins,07-26-16,English
Six of Crows,Leigh Bardugo,"Jay Snyder, Brandon Rubin, Fred Berman, Lauren Fortgang, Roger Clark, Elizabeth Evans, Tristan Morris",15 hrs and 4 mins,09-29-15,English
A Gentleman in Moscow,Amor Towles,Nicholas Guy Smith,17 hrs and 52 mins,09-06-16,English
Ender's Game,Orson Scott Card,"Stefan Rudnicki, Harlan Ellison, Gabrielle de Cuir",11 hrs and 57 mins,12-30-01,English
Hiss Me Deadly,Miranda James,Erin Bennett,8 hrs and 6 mins,06-27-23,English
Sovereign Mage,Inadvisably Compelled,Jeremy Frazier,13 hrs and 46 mins,06-30-23,English
Start with Why,Simon Sinek,Simon Sinek,7 hrs and 18 mins,09-05-17,English
The Five Dysfunctions of a Team,Patrick Lencioni,Charles Stransky; introduction by Patrick Lencioni,3 hrs and 42 mins,10-18-02,English
"The 4-Hour Workweek: Escape 9-5, Live Anywhere, and Join the New Rich (Expanded and Updated)",Timothy Ferriss,Ray Porter,13 hrs and 1 min,12-28-08,English
Astrophysics for People in a Hurry,Neil deGrasse Tyson,Neil deGrasse Tyson,3 hrs and 41 mins,05-02-17,English
Against the Web,Michael Brooks,Sam Seder,2 hrs and 58 mins,06-13-23,English
The Devil You Know,Freida McFadden,Gabra Zackman,7 hrs and 9 mins,07-11-23,English
Widow Lake,Rita Herron,Tanya Eby,8 hrs and 42 mins,05-31-23,English
Foragers,Danny Kade,"Byron Ormond, Kat Riley",6 hrs and 51 mins,06-10-23,English
Outside the Pack,Lindsey Devin,"Allie Martina, Gideon Frost",10 hrs and 36 mins,05-24-23,English
Holy Spirit: The Bondage Breaker,David Diga Hernandez,William Crockett,8 hrs and 40 mins,06-01-23,English
The Librarian of Crooked Lane,C.J. Archer,Marian Hussey,8 hrs and 9 mins,09-02-22,English
Meet Me at the Lake,Carley Fortune,"A.J. Bridel, Carley Fortune",9 hrs and 56 mins,05-02-23,English
Crimson River,Devney Perry,"Lucy Rivers, Connor Crais",8 hrs and 28 mins,06-01-23,English
On Women,"Susan Sontag, Merve Emre - introduction, David Rieff - editor",Laurel Lefkow,6 hrs and 17 mins,06-06-23,English
Spare,Prince Harry The Duke of Sussex,Prince Harry The Duke of Sussex,15 hrs and 39 mins,01-10-23,English
Vengeance Is Mine,"Richard E. Turley, Barbara Jones Brown",T. Ryder Smith,17 hrs and 29 mins,05-30-23,English
Outlive,"Peter Attia MD, Bill Gifford - contributor",Peter Attia MD,17 hrs and 7 mins,03-28-23,English
Lady Tan's Circle of Women,Lisa See,"Jennifer Lim, Justin Chien",13 hrs and 15 mins,06-06-23,English
The In-Between,Hadley Vlahos R.N.,Hadley Vlahos R.N.,7 hrs and 19 mins,06-13-23,English
Tell Me Everything,Minka Kelly,Minka Kelly,8 hrs and 40 mins,05-02-23,English
Homeworld Lost,"J.N. Chaney, Scott Moon",Neill Thorne,11 hrs and 30 mins,05-06-23,English
American Pastoral,Philip Roth,Malcolm Hillgartner,16 hrs and 6 mins,07-04-23,English
Below Us,Nathan Hystad,Marc Vietor,9 hrs and 22 mins,07-11-23,English
The 9th Man,"Steve Berry, Grant Blackwood",Scott Brick,11 hrs and 53 mins,06-27-23,English
Start Your Notary Public & Loan Signing Agent Business,LSAUSA Education,Andrew Rowe,3 hrs and 32 mins,02-07-23,English
The Wisdom of the Bullfrog,Admiral William H. McRaven,Admiral William H. McRaven,3 hrs and 44 mins,04-04-23,English
Soul Boom,Rainn Wilson,Rainn Wilson,9 hrs and 3 mins,04-25-23,English
You Are the One You've Been Waiting For,Richard Schwartz PhD,"Martin LaGrande, Mike Berlak",6 hrs and 10 mins,05-09-23,English
Scaling People,Claire Hughes Johnson,Claire Hughes Johnson,11 hrs and 32 mins,03-07-23,English
An Unquiet Mind,Kay Redfield Jamison,Kay Redfield Jamison,2 hrs and 46 mins,12-08-09,English
Assata,"Assata Shakur, Angela Davis - foreword",Sirena Riley,12 hrs and 18 mins,07-04-17,English
Let My People Go Surfing,"Yvon Chouinard, Naomi Klein","Christopher Grove, Yvon Chouinard",7 hrs and 59 mins,09-06-16,English
Just Kids,Patti Smith,Patti Smith,9 hrs and 50 mins,07-26-11,English
Feeding the Mouth That Bites You,Kenneth Wilgus PhD,Dr. Kenneth Wilgus,7 hrs and 1 min,12-16-15,English
Island of the Blue Dolphins,Scott O'Dell,Tantoo Cardinal,3 hrs and 55 mins,08-24-00,English
Built to Sell,John Warrillow,Erik Synnestvedt,4 hrs and 24 mins,05-12-11,English
Long Way Down,Jason Reynolds,Jason Reynolds,1 hr and 43 mins,10-24-17,English
The Forever War,Joe Haldeman,George Wilson,9 hrs and 18 mins,03-31-08,English
A Separate Peace,John Knowles,Scott Snively,6 hrs and 8 mins,09-10-08,English
The Other Einstein,Marie Benedict,Mozhan Marnò,8 hrs and 30 mins,10-18-16,English
A Long Walk to Water,Linda Sue Park,"David Baker, Cynthia Bishop",2 hrs and 41 mins,11-07-13,English
Hidden Figures,Margot Lee Shetterly,Robin Miles,10 hrs and 47 mins,09-06-16,English
QBQ! The Question Behind the Question,John G. Miller,John G. Miller,1 hr and 42 mins,10-15-04,English
The Good Earth,Pearl S. Buck,Anthony Heald,10 hrs and 37 mins,11-04-08,English
Emotional Agility,Susan David,Susan David,9 hrs and 21 mins,09-06-16,English
Killers of the Flower Moon,David Grann,"Will Patton, Ann Marie Lee, Danny Campbell",9 hrs and 4 mins,04-18-17,English
"Guns, Germs and Steel",Jared Diamond,Doug Ordunio,16 hrs and 20 mins,01-18-11,English
It Didn't Start with You,Mark Wolynn,Mark Wolynn,8 hrs and 16 mins,04-26-16,English
Chasing Love,Kat T. Masen,"Theo Sinclair, Scarlett Everdeen",13 hrs and 17 mins,05-10-23,English
Apocalypse Comedy,Hunter Mythos,Zeno Robinson,18 hrs and 20 mins,06-13-23,English
Hurricane After Dark,Marie Force,Avery Caris,10 hrs and 14 mins,06-23-23,English
Brute Force,Scott Meyer,Luke Daniels,9 hrs and 50 mins,04-10-23,English
Happy Place,Emily Henry,Julia Whelan,11 hrs and 3 mins,04-25-23,English
Hello Beautiful,Ann Napolitano,Maura Tierney,15 hrs and 6 mins,03-14-23,English
The Wager,David Grann,"Dion Graham, David Grann",8 hrs and 28 mins,04-18-23,English
The Prettiest Girl in the Grave,Kristopher Triana,Megan Meyer,7 hrs and 36 mins,06-29-23,English
Oscar Wars,Michael Schulman,Charlie Thurston,21 hrs,02-21-23,English
The Whole-Brain Child,"Daniel J. Siegel, Tina Payne Bryson","Daniel J. Siegel, Tina Payne Bryson",6 hrs and 14 mins,12-06-22,English
Kingdom of Darkness Box Set,Mark Goodwin,Kevin Pierce,19 hrs and 14 mins,07-12-23,English
Strung,Per Jacobsen,Michael Lucio,5 hrs and 4 mins,04-25-23,English
Divine Invasion,Aaron Renfroe,Christian J. Gilliland,14 hrs and 10 mins,06-20-23,English
Thicker than Water,Megan Collins,"Gail Shalan, Emily Tremaine",10 hrs and 22 mins,07-11-23,English
The Chosen Presents,"Steve Laube, Amanda Jenkins, Dallas Jenkins",Jeff Harding,7 hrs and 6 mins,05-24-23,English
The Magician's Daughter,H. G. Parry,Rose McPhilemy,15 hrs and 4 mins,02-28-23,English
The Seven Husbands of Evelyn Hugo,Taylor Jenkins Reid,"Alma Cuervo, Julia Whelan, Robin Miles",12 hrs and 10 mins,06-13-17,English
"Boundaries, Updated and Expanded Edition","John Townsend, Henry Cloud",Henry O. Arnold,11 hrs and 18 mins,02-13-18,English
Eragon,Christopher Paolini,Gerard Doyle,16 hrs and 22 mins,10-16-03,English
Unfu*k Yourself,Gary John Bishop,Gary John Bishop,3 hrs and 24 mins,08-01-17,English
Bennett,Maryann Jordan,Matt Hicks,7 hrs and 25 mins,06-16-23,English
The Nightingale,Kristin Hannah,Polly Stone,17 hrs and 19 mins,02-03-15,English
Esme Cahill Fails Spectacularly,Marie Bostwick,Emily Rankin,11 hrs and 36 mins,05-30-23,English
From the World of Percy Jackson: Sun and the Star,"Rick Riordan, Mark Oshiro",A.J. Beckles,13 hrs and 30 mins,05-02-23,English
Palazzo,Danielle Steel,James Babson,7 hrs and 14 mins,06-27-23,English
The Greatness Mindset,Lewis Howes,Lewis Howes,9 hrs and 7 mins,04-04-23,English
FFFHAMS,Eloheem Ali,"Eloheem Ali, Sam C, Madeline Starr, Nay Nay, Witu Lucy Wache",9 hrs and 34 mins,05-23-23,English
Look Up!,Jimmy Evans,Eben Fowler,8 hrs and 51 mins,05-09-23,English
Zero Days,Ruth Ware,Imogen Church,14 hrs and 10 mins,06-20-23,English
All the Light We Cannot See,Anthony Doerr,Zach Appelman,16 hrs and 2 mins,05-06-14,English
The Song of Achilles,Madeline Miller,Frazer Douglas,11 hrs and 15 mins,03-06-12,English
The Rise and Fall of the Third Reich,William L. Shirer,Grover Gardner,57 hrs and 11 mins,07-16-10,English
The Road,Cormac McCarthy,Tom Stechschulte,6 hrs and 39 mins,03-15-07,English
Essentialism,Greg McKeown,Greg McKeown,6 hrs and 14 mins,04-15-14,English
Grit,Angela Duckworth,Angela Duckworth,9 hrs and 22 mins,05-03-16,English
Murder at the Crown and Anchor,C.J. Archer,Marian Hussey,7 hrs and 37 mins,06-16-23,English
Nonbinary,"Genesis P-Orridge, Tim Mohr - contributor",Paul Bee Hampshire,13 hrs and 35 mins,06-27-23,English
Opal,Helen Hardt,"Maya Beechwood, Tor Thom",6 hrs and 25 mins,07-04-23,English
A Little Ray of Sunshine,Kristan Higgins,"Laural Merlington, Xe Sands, Jeannie Sheneman",15 hrs and 31 mins,06-06-23,English
The Russo-Ukrainian War,Serhii Plokhy,Victor Bevine,11 hrs,05-16-23,English
The Turning: System Reboot,Kenny King,Gary Furlong,10 hrs and 47 mins,06-23-23,English
Bad Summer People,Emma Rosenblum,January LaVoy,9 hrs and 48 mins,05-23-23,English
Death at the Chateau,Ian Moore,Ian Moore,7 hrs and 23 mins,05-30-23,English
Why We Sleep,Matthew Walker,Steve West,13 hrs and 52 mins,10-03-17,English
March,Geraldine Brooks,Richard Easton,10 hrs and 19 mins,03-04-05,English
Gateway Catastrophe,Louisa Masters,Nick J. Russo,7 hrs and 16 mins,06-27-23,English
Jackson,Nyssa Kathryn,"Stella Bloom, Tim Paige",7 hrs and 23 mins,05-22-23,English
The Libyan Diversion,Joel C. Rosenberg,George Guidall,11 hrs and 13 mins,05-16-23,English
Gardens of the Moon,Steven Erikson,Ralph Lister,26 hrs and 3 mins,10-02-12,English
Old Man's War,John Scalzi,William Dufris,9 hrs and 55 mins,10-02-07,English
The Farseer: Assassin's Apprentice,Robin Hobb,Paul Boehmer,17 hrs and 18 mins,03-02-10,English
Infinite Jest,David Foster Wallace,Sean Pratt,56 hrs and 12 mins,04-09-12,English
The Goldfinch,Donna Tartt,David Pittu,32 hrs and 24 mins,10-22-13,English
From Potter's Field,Patricia Cornwell,C.J. Critt,12 hrs and 9 mins,07-01-23,English
A People's History of the United States,Howard Zinn,Jeff Zinn,34 hrs and 8 mins,12-14-09,English
Fahrenheit 451,Ray Bradbury,Tim Robbins,5 hrs and 1 min,10-21-14,English
Finding You,Lena Hendrix,"Stephen Dexter, Charlotte North",7 hrs and 43 mins,01-20-23,English
Murder in Manhattan,Verity Bright,Karen Cass,8 hrs and 49 mins,06-29-23,English
Wellness to Wonderful,"Alona Pulde MD, Matthew Lederman MD","Alona Pulde MD, Matthew Lederman MD, David Rice",9 hrs and 11 mins,05-26-23,English
Fire Prayers,John Ramirez,Ramon de Ocampo,6 hrs and 44 mins,03-07-23,English
Killing Moon,"Jo Nesbo, Seán Kinsella - translator",John Lee,15 hrs and 57 mins,05-30-23,English
"Security Analysis, Seventh Edition","Benjamin Graham, David Dodd, Seth Klarman - editor",Scott R. Pollak,34 hrs and 53 mins,06-27-23,English
The Obesity Code,Dr. Jason Fung,Brian Nishii,10 hrs and 9 mins,12-20-16,English
Before We Were Yours,Lisa Wingate,"Emily Rankin, Catherine Taber",14 hrs and 29 mins,06-06-17,English
The Daily Stoic,"Ryan Holiday, Stephen Hanselman",Brian Holsopple,10 hrs and 6 mins,10-18-16,English
Laike,Grey Huffington,"Morae Brehon, Leon Nixon",10 hrs and 57 mins,06-20-23,English
The Sunny Side,Lily Morton,Joel Leslie,11 hrs and 37 mins,06-11-23,English
Tales from the Gas Station: Volume One,Jack Townsend,MrCreepyPasta,8 hrs and 31 mins,06-14-23,English
What Lurks Between the Fates,Harper L. Woods,"Liam DiCosimo, Ava Lucas",14 hrs and 8 mins,04-25-23,English
Don't Let Her Stay,Nicola Sanders,Penelope Rawlins,8 hrs and 24 mins,03-07-23,English
The Quiet Tenant,Clémence Michallon,"Gilli Messer, Elena Rey, Valerie Rose Lohman, Amber Battaglia, Reba Buhr, Clémence Michallon, Jess Nahikian, Aure Nash, Milly Sanders, Sara Sheckells, Yu-Li Alice Shen",10 hrs and 44 mins,06-20-23,English
Final Offer,Lauren Asher,"Alex Kydd, Stacy Gonzalez",15 hrs and 58 mins,05-23-23,English
Brutal Obsession,S. Massery,"Teddy Hamilton, Heather Firth",14 hrs and 32 mins,11-30-22,English
Rogue Justice,Stacey Abrams,Adenrele Ojo,12 hrs and 32 mins,05-23-23,English
Star Bringer,"Tracy Wolff, Nina Croft - contributor","Mia Barron, Liv Anderson, Samara Naeymi, Ruffin Prentiss",19 hrs and 29 mins,07-11-23,English
This Life and All the Rest,Brit Benson,"JF Harding, Lidia Dornet",9 hrs and 4 mins,06-23-23,English
Passive Prospecting,"Levi Lascsak, Travis Plumb",Levi Lascsak,3 hrs and 44 mins,05-15-23,English
The Paris Daughter,Kristin Harmel,"Madeleine Maby, Kristin Harmel",12 hrs and 7 mins,06-06-23,English
Legacy of the M'Zee,Chris Vines,Kristian Eros,13 hrs and 21 mins,06-12-23,English
The Paris Agent,Kelly Rimmer,"Elizabeth Knowelden, Fiona Hardingham, Emma Fenney",12 hrs and 15 mins,07-11-23,English
The Modern Girl's Guide to Magic,Linsey Hall,Laurel Schroeder,8 hrs and 36 mins,05-31-23,English
Messalina,Honor Cargill-Martin,Antonia Beamish,12 hrs and 55 mins,05-11-23,English
Deadly Fate,Angela Marsons,Jan Cramer,8 hrs and 14 mins,05-25-23,English
Highest Bidder,Sara Cate,"Lessa Lamb, Stephen Borne",10 hrs and 2 mins,04-03-23,English
The Temporary Wife: Luca and Valentina's Story,Catharina Maura,"Joe Arden, Stephanie Nemeth-Parker",11 hrs and 33 mins,03-29-23,English
A Short History of Nearly Everything,Bill Bryson,Richard Matthews,18 hrs and 13 mins,05-04-03,English
The Intelligent Investor Rev Ed.,Benjamin Graham,Luke Daniels,17 hrs and 48 mins,07-07-15,English
Romancing Mister Bridgerton,Julia Quinn,Rosalyn Landor,13 hrs and 17 mins,04-06-17,English
You Shouldn’t Have Come Here,Jeneva Rose,"Andrew Eiden, Andi Arndt",8 hrs and 1 min,04-25-23,English
The Power to Change,Craig Groeschel,Craig Groeschel,5 hrs and 42 mins,02-14-23,English
Them,Whitley Strieber,Whitley Strieber,10 hrs and 17 mins,04-19-23,English
Occult Feminism,Rachel Wilson,R.M. McLeod,5 hrs and 32 mins,05-22-23,English
The Love Stories of the Bible Speak,Shannon Bream,Shannon Bream,7 hrs and 26 mins,03-28-23,English
Voidwalker,Actus,Peter Berkrot,12 hrs and 20 mins,06-20-23,English
The 22 Laws of Category Design,"Category Pirates, Christopher Lochhead, Eddie Yoon, Katrina Kirsch, Nicolas Cole",Jason DeFillippo,5 hrs and 59 mins,06-30-23,English
Central Park West,James Comey,Cassandra Campbell,10 hrs and 35 mins,05-30-23,English
Satan's Affair,H. D. Carlton,"Christian Black, Marlaina Garrett",5 hrs and 47 mins,02-24-23,English
Doomsday Match,Jeff Wheeler,Kate Rudd,9 hrs and 23 mins,07-01-23,English
Flawless,Elsie Silver,"Sebastian York, Emma Wilder",9 hrs and 44 mins,12-14-22,English
Meat Eater,Steven Rinella,Steven Rinella,7 hrs and 1 min,04-25-23,English
Fleur de Lis,Sarah M. Eden,Luone Ingram,10 hrs and 44 mins,06-20-23,English
Scaredy Cat,Sofie Ryan,Rachel L. Jacobs,7 hrs and 23 mins,07-04-23,English
Trial of the Sun Queen,Nisha J Tuli,"Corvin King, Soneela Nankani",11 hrs and 53 mins,06-20-23,English
Biblical Critical Theory,"Christopher Watkin, Timothy Keller",Christopher Ashman,26 hrs and 11 mins,06-27-23,English
Defending the Constitution Behind Enemy Lines,Robert A. Green Jr.,John Pruden,7 hrs and 18 mins,07-04-23,English
House of Pounding Hearts,Olivia Wildenstein,"Olivia King, Tim Campbell",13 hrs and 52 mins,04-19-23,English
Romantic Comedy (Reese's Book Club),Curtis Sittenfeld,Kristen Sieh,9 hrs and 5 mins,04-04-23,English
The Build Up,Tati Richardson,"Vance Goodwin, Anna Lynn Wright",9 hrs and 14 mins,03-28-23,English
The Undertow,Jeff Sharlet,Jeff Sharlet,11 hrs and 45 mins,05-02-23,English
"Building Thinking Classrooms in Mathematics, Grades K-12",Peter Liljedahl,Marlin May,11 hrs and 24 mins,03-30-23,English
An American Beauty,Shana Abe,Gail Shalan,11 hrs and 34 mins,04-25-23,English
Emotional Sobriety,AA Grapevine,AA Grapevine,2 hrs and 18 mins,06-08-23,English
The Indictment,"Frank Gaffney, Dede Laugesen",Jim Seybert,5 hrs and 49 mins,06-30-23,English
The Mists of Avalon,Marion Zimmer Bradley,Davina Porter,50 hrs and 53 mins,06-19-12,English
1-2-3 Magic,Thomas W. Phelan PhD,Paul Costanzo,7 hrs and 1 min,05-03-16,English
The Ultimate Sales Machine,Chet Holmes,"Amanda Holmes, George Newbern",11 hrs and 28 mins,11-21-08,English
Setting the Table,Danny Meyer,Danny Meyer,5 hrs and 33 mins,09-28-06,English
Predictably Irrational,Dan Ariely,Simon Jones,7 hrs and 22 mins,02-19-08,English
The Shadow of the Wind,Carlos Ruiz Zafón,Jonathan Davis,18 hrs and 5 mins,05-06-05,English
Pussy,Regena Thomashauer,Regena Thomashauer,9 hrs and 32 mins,02-28-17,English
Stuff Matters,Mark Miodownik,Michael Page,6 hrs and 34 mins,07-29-14,English
A Tree Grows in Brooklyn,Betty Smith,Kate Burton,14 hrs and 55 mins,12-26-04,English
Made to Stick,"Chip Heath, Dan Heath",Charles Kahlenberg,8 hrs and 37 mins,12-18-06,English
Fierce Conversations,Susan Craig Scott M.D.,Susan Craig Scott,13 hrs and 33 mins,04-11-17,English
Hillbilly Elegy,J. D. Vance,J. D. Vance,6 hrs and 49 mins,06-28-16,English
Refugee,Alan Gratz,"Michael Goldstrom, Kyla Garcia, Assaf Cohen",7 hrs and 37 mins,08-01-17,English
